frequency_ghz,s21_abs,s21_phase_deg
0.05,0.995633,-1.17
0.0531,0.99879,-1.58
0.0564,0.998823,-1.61
0.0599,1.000473,-2.7
0.0636,0.999036,-1.25
0.0675,0.998636,-2.17
0.0717,0.995067,-1.89
0.0761,1.000711,-3.43
0.0808,0.99897,-3.29
0.0858,1.004119,-1.21
0.0911,0.997511,-2.5
0.0967,1.0011,-2.28
0.1027,1.003964,-2.99
0.1091,0.997157,-3.86
0.1158,0.999134,-3.09
0.123,0.999059,-3.75
0.1306,0.997099,-3.84
0.1387,0.999643,-5.47
0.1472,0.999355,-4.31
0.1563,1.00297,-4.2
0.166,0.994123,-5.7
0.1763,0.998133,-4.92
0.1872,0.999277,-6.32
0.1988,0.996423,-6.9
0.2111,0.995067,-6.99
0.2241,0.998861,-6.87
0.238,0.992367,-8.29
0.2527,0.993024,-7.35
0.2683,0.993219,-8.87
0.2849,0.989996,-9.1
0.3025,0.990495,-9.73
0.3212,0.985305,-10.44
0.3411,0.989215,-11.33
0.3622,0.986513,-11.54
0.3846,0.980941,-12.12
0.4084,0.983163,-13.26
0.4336,0.981954,-13.93
0.4604,0.976855,-15.61
0.4889,0.974279,-16.35
0.5191,0.97382,-15.4
0.5512,0.967089,-18.7
0.5853,0.968837,-18.62
0.6215,0.965022,-20.14
0.66,0.955875,-20.86
0.7008,0.949076,-22.95
0.7441,0.948342,-23.16
0.7901,0.939143,-24.54
0.839,0.932205,-26.11
0.8909,0.924488,-28.07
0.946,0.916611,-30.0
1.0045,0.905261,-32.11
1.0666,0.901148,-33.1
1.1325,0.883053,-34.54
1.2026,0.872216,-36.9
1.2769,0.858794,-38.63
1.3559,0.848187,-40.46
1.4397,0.830713,-42.37
1.5288,0.814144,-44.22
1.6233,0.796729,-46.8
1.7237,0.779561,-49.9
1.8303,0.758158,-51.66
1.9435,0.735825,-54.1
2.0637,0.717576,-58.19
2.1913,0.694955,-59.17
2.3268,0.671745,-61.58
2.4707,0.649469,-64.02
2.6235,0.626036,-66.58
2.7857,0.601343,-68.64
2.958,0.577716,-71.88
3.1409,0.552422,-75.2
3.3351,0.528828,-77.42
3.5414,0.502664,-79.85
3.7604,0.478951,-84.13
3.9929,0.454486,-85.88
4.2399,0.431478,-88.18
4.5021,0.407487,-92.14
4.7805,0.384284,-94.14
5.0761,0.362165,-98.83
5.39,0.34026,-101.49
5.7233,0.320824,-104.49
6.0772,0.299209,-107.54
6.4531,0.278938,-109.82
6.8521,0.259601,-112.58
7.2759,0.241468,-116.55
7.7258,0.22466,-119.67
8.2036,0.208102,-122.75
8.7109,0.192088,-125.93
9.2496,0.176295,-129.95
9.8216,0.162544,-133.3
10.4289,0.148934,-136.74
11.0738,0.136296,-139.13
11.7587,0.12416,-142.36
12.4858,0.112985,-146.62
13.2579,0.102257,-149.52
14.0778,0.092609,-152.87
14.9484,0.083577,-155.83
15.8728,0.074935,-159.92
16.8544,0.067376,-163.88
17.8967,0.060048,-166.42
19.0034,0.053473,-170.79
20.1786,0.047771,-172.72
21.4264,0.042132,-177.51
22.7515,0.037198,179.44
24.1584,0.032862,177.01
25.6524,0.028828,172.99
27.2387,0.025295,169.36
28.9232,0.022169,166.93
30.7118,0.019284,163.09
32.611,0.016792,159.52
34.6277,0.014538,157.11
36.7691,0.012555,153.6
39.0429,0.010847,150.44
41.4573,0.009366,148.47
44.021,0.008015,144.83
46.7433,0.006866,142.15
49.6339,0.005862,140.21
52.7033,0.005024,138.81
55.9625,0.004275,135.53
59.4232,0.003627,133.48
63.098,0.003096,131.12
67.0,0.002608,128.55
