device,responsivity_A_W,dark_current_nA,bandwidth_GHz,noise_nep_w_hz12
D01,0.8413,0.5336,28.279,1.846e-12
D02,0.804,0.6278,22.643,2.213e-12
D03,0.7137,0.8904,30.691,2.025e-12
D04,0.8035,0.6706,36.969,1.354e-12
D05,0.9097,0.6267,27.955,1.502e-12
D06,0.5645,1.0887,28.655,
D07,0.6286,0.8924,32.215,1.978e-12
D08,0.463,1.155,33.671,2.731e-12
D09,0.8817,0.6353,35.023,1.452e-12
D10,0.6828,0.8107,37.69,1.744e-12
D11,0.6571,0.8693,19.263,3.232e-12
D12,0.8551,0.6182,33.102,1.495e-12
D13,0.885,0.6442,22.583,2.063e-12
D14,0.4284,1.2721,22.525,4.021e-12
